ONTOLOGY,ID,Description,GeneRatio,BgRatio,RichFactor,FoldEnrichment,zScore,pvalue,p.adjust,qvalue,geneID,Count,,,,,,,,,,,,,,,,,,,,,
BP,GO:0044282,small molecule catabolic process,25/653,269/21022,0.092936803,2.991910371,5.887133881,1.19E-06,0.002710975,0.002648843,ldhd/zgc:85777/uox/acox3/hal/decr1/gcshb/uroc1/crot/ech1/cdab/hoga1/gldc/phyh/sardh/hagh/kmo/galm/haao/oat/tat/zgc:172295/cdo1/cyp24a1/hao1,25,,,,,,,,,,,,,,,,,,,,,
BP,GO:0032787,monocarboxylic acid metabolic process,30/653,389/21022,0.077120823,2.482747218,5.285172323,5.13E-06,0.005861882,0.005727537,ldhd/zgc:85777/pdk4/acbd5a/pm20d1.2/hpgd/acox3/hal/decr1/acaca/uroc1/acss2/crot/adpgk/ech1/agxtb/hoga1/phyh/acot11b/hagh/ppardb/kmo/cyp7b1/pdk2a/peds1/haao/pgk1/hao1/acsl1a/hyi,30,,,,,,,,,,,,,,,,,,,,,
BP,GO:0016054,organic acid catabolic process,19/653,203/21022,0.093596059,3.013133774,5.160468651,2.02E-05,0.011540819,0.011276323,ldhd/zgc:85777/acox3/hal/decr1/gcshb/uroc1/crot/ech1/hoga1/gldc/phyh/sardh/kmo/haao/oat/tat/cdo1/hao1,19,,,,,,,,,,,,,,,,,,,,,
BP,GO:0046395,carboxylic acid catabolic process,19/653,203/21022,0.093596059,3.013133774,5.160468651,2.02E-05,0.011540819,0.011276323,ldhd/zgc:85777/acox3/hal/decr1/gcshb/uroc1/crot/ech1/hoga1/gldc/phyh/sardh/kmo/haao/oat/tat/cdo1/hao1,19,,,,,,,,,,,,,,,,,,,,,
BP,GO:0070646,protein modification by small protein removal,11/653,103/21022,0.106796117,3.438082636,4.441145446,0.000357611,0.163428311,0.159682804,otub1a/senp2/usp24/usp38/usp10/senp7b/usp45/usp20/usp43b/usp25/usp33,11,,,,,,,,,,,,,,,,,,,,,
BP,GO:0048532,anatomical structure arrangement,4/653,13/21022,0.307692308,9.905524797,5.750782275,0.000527267,0.170452799,0.166546303,camk2g1/pi4kb/exosc8/camk2g2,4,,,,,,,,,,,,,,,,,,,,,
BP,GO:0060560,developmental growth involved in morphogenesis,16/653,204/21022,0.078431373,2.524937693,3.918736876,0.000665492,0.170452799,0.166546303,cbsb/ctnnd1/myo10l1/katna1/plxnb1b/ppp1r12a/traf4a/nrxn2a/pard3ab/stim1a/kif1b/mycbp2/stat3/fus/ext2/dbnlb,16,,,,,,,,,,,,,,,,,,,,,
BP,GO:0072329,monocarboxylic acid catabolic process,9/653,82/21022,0.109756098,3.533373174,4.115439084,0.000990763,0.170452799,0.166546303,ldhd/zgc:85777/acox3/decr1/crot/ech1/hoga1/phyh/hao1,9,,,,,,,,,,,,,,,,,,,,,
BP,GO:0044272,sulfur compound biosynthetic process,12/653,135/21022,0.088888889,2.861596052,3.885194121,0.001042619,0.170452799,0.166546303,cbsb/pdk4/tpk1/acaca/acss2/csgalnact1a/mtrr/ndst2a/pdk2a/ext2/cdo1/acsl1a,12,,,,,,,,,,,,,,,,,,,,,
BP,GO:0009069,serine family amino acid metabolic process,5/653,26/21022,0.192307692,6.190952998,4.742025785,0.001089472,0.170452799,0.166546303,cbsb/gcshb/agxtb/gldc/cdo1,5,,,,,,,,,,,,,,,,,,,,,
BP,GO:0009743,response to carbohydrate,5/653,26/21022,0.192307692,6.190952998,4.742025785,0.001089472,0.170452799,0.166546303,abcc8/hif1ab/gys2/khk/slc39a14,5,,,,,,,,,,,,,,,,,,,,,
BP,GO:0009746,response to hexose,5/653,26/21022,0.192307692,6.190952998,4.742025785,0.001089472,0.170452799,0.166546303,abcc8/hif1ab/gys2/khk/slc39a14,5,,,,,,,,,,,,,,,,,,,,,
BP,GO:0009749,response to glucose,5/653,26/21022,0.192307692,6.190952998,4.742025785,0.001089472,0.170452799,0.166546303,abcc8/hif1ab/gys2/khk/slc39a14,5,,,,,,,,,,,,,,,,,,,,,
BP,GO:0034284,response to monosaccharide,5/653,26/21022,0.192307692,6.190952998,4.742025785,0.001089472,0.170452799,0.166546303,abcc8/hif1ab/gys2/khk/slc39a14,5,,,,,,,,,,,,,,,,,,,,,
BP,GO:0048675,axon extension,10/653,101/21022,0.099009901,3.187421346,3.945484446,0.001184121,0.170452799,0.166546303,myo10l1/katna1/plxnb1b/nrxn2a/stim1a/kif1b/mycbp2/fus/ext2/dbnlb,10,,,,,,,,,,,,,,,,,,,,,
BP,GO:0051668,localization within membrane,24/653,389/21022,0.061696658,1.986197774,3.515248667,0.001193543,0.170452799,0.166546303,camk2g1/rab11fip3/stxbp5b/gphna/snx17/hycc2/c2cd5/scrib/rab41/stx1b/ank2b/zdhhc14/pacs2/camk2d1/mffa/pacs1a/efr3a/camk2g2/snx30/arl5a/phaf1/dennd1a/sec61b/tm9sf4,24,,,,,,,,,,,,,,,,,,,,,
BP,GO:0016579,protein deubiquitination,9/653,86/21022,0.104651163,3.369030236,3.941589544,0.001393618,0.18731867,0.183025636,otub1a/usp24/usp38/usp10/usp45/usp20/usp43b/usp25/usp33,9,,,,,,,,,,,,,,,,,,,,,
BP,GO:1990778,protein localization to cell periphery,12/653,142/21022,0.084507042,2.720531458,3.683324361,0.001613599,0.20483745,0.200142914,camk2g1/hycc2/c2cd5/scrib/stx1b/ank2b/pacs2/camk2d1/pacs1a/efr3a/camk2g2/phaf1,12,,,,,,,,,,,,,,,,,,,,,
BP,GO:1901606,alpha-amino acid catabolic process,10/653,106/21022,0.094339623,3.037071282,3.764595034,0.001710557,0.205716996,0.201002302,hal/gcshb/uroc1/gldc/sardh/kmo/haao/oat/tat/cdo1,10,,,,,,,,,,,,,,,,,,,,,
BP,GO:0019395,fatty acid oxidation,7/653,57/21022,0.122807018,3.953520862,3.997868085,0.001856247,0.212076275,0.207215837,zgc:85777/acox3/decr1/crot/ech1/phyh/hao1,7,,,,,,,,,,,,,,,,,,,,,
BP,GO:0006631,fatty acid metabolic process,17/653,249/21022,0.068273092,2.197912631,3.40465907,0.002103699,0.228902508,0.223656441,zgc:85777/pdk4/acbd5a/pm20d1.2/hpgd/acox3/decr1/acaca/crot/ech1/phyh/acot11b/ppardb/pdk2a/peds1/hao1/acsl1a,17,,,,,,,,,,,,,,,,,,,,,
BP,GO:1905475,regulation of protein localization to membrane,5/653,31/21022,0.161290323,5.192412192,4.182410734,0.002476406,0.239858522,0.234361361,camk2g1/c2cd5/camk2d1/mffa/camk2g2,5,,,,,,,,,,,,,,,,,,,,,
BP,GO:0072659,protein localization to plasma membrane,11/653,131/21022,0.083969466,2.703225279,3.501277638,0.002613337,0.239858522,0.234361361,camk2g1/hycc2/c2cd5/scrib/ank2b/pacs2/camk2d1/pacs1a/efr3a/camk2g2/phaf1,11,,,,,,,,,,,,,,,,,,,,,
BP,GO:0048588,developmental cell growth,11/653,132/21022,0.083333333,2.682746299,3.472440496,0.002773125,0.239858522,0.234361361,myo10l1/katna1/plxnb1b/nrxn2a/pard3ab/stim1a/kif1b/mycbp2/fus/ext2/dbnlb,11,,,,,,,,,,,,,,,,,,,,,
BP,GO:0046486,glycerolipid metabolic process,18/653,278/21022,0.064748201,2.084435973,3.258955906,0.00281167,0.239858522,0.234361361,pi4kb/pgap2/synj1/hycc2/pikfyve/pip4k2aa/impa1/cetp/pnpla6/gpat3/etnk1/slc30a5/mogat2/crls1/inpp5l/dgkh/ocrl/zgc:172295,18,,,,,,,,,,,,,,,,,,,,,
BP,GO:0042762,regulation of sulfur metabolic process,3/653,10/21022,0.3,9.657886677,4.903166302,0.003040612,0.239858522,0.234361361,cbsb/pdk4/pdk2a,3,,,,,,,,,,,,,,,,,,,,,
BP,GO:0090110,COPII-coated vesicle cargo loading,3/653,10/21022,0.3,9.657886677,4.903166302,0.003040612,0.239858522,0.234361361,sec24c/sec23a/sec24a,3,,,,,,,,,,,,,,,,,,,,,
BP,GO:1990138,neuron projection extension,10/653,115/21022,0.086956522,2.799387443,3.464385152,0.003125536,0.239858522,0.234361361,myo10l1/katna1/plxnb1b/nrxn2a/stim1a/kif1b/mycbp2/fus/ext2/dbnlb,10,,,,,,,,,,,,,,,,,,,,,
BP,GO:0006897,endocytosis,22/653,373/21022,0.058981233,1.898780222,3.135861215,0.003248086,0.239858522,0.234361361,reps1/met/synj1/rubcn/pikfyve/si:dkey-32e23.4/cltcb/hip1/sh3gl3a/picalma/csnk1g1/ywhaba/havcr1/clta/pacsin2/usp20/itsn1/elmo2/ocrl/gak/dennd1a/usp33,22,,,,,,,,,,,,,,,,,,,,,
BP,GO:0009063,amino acid catabolic process,10/653,116/21022,0.086206897,2.775254792,3.432832695,0.003327808,0.239858522,0.234361361,hal/gcshb/uroc1/gldc/sardh/kmo/haao/oat/tat/cdo1,10,,,,,,,,,,,,,,,,,,,,,
BP,GO:0035268,protein mannosylation,4/653,21/21022,0.19047619,6.131991541,4.212830776,0.003622773,0.239858522,0.234361361,pomt2/large2/tmtc4/pomt1,4,,,,,,,,,,,,,,,,,,,,,
BP,GO:0035269,protein O-linked mannosylation,4/653,21/21022,0.19047619,6.131991541,4.212830776,0.003622773,0.239858522,0.234361361,pomt2/large2/tmtc4/pomt1,4,,,,,,,,,,,,,,,,,,,,,
BP,GO:0090114,COPII-coated vesicle budding,4/653,21/21022,0.19047619,6.131991541,4.212830776,0.003622773,0.239858522,0.234361361,sec24c/sec16b/sec23a/sec24a,4,,,,,,,,,,,,,,,,,,,,,
BP,GO:0097502,mannosylation,4/653,21/21022,0.19047619,6.131991541,4.212830776,0.003622773,0.239858522,0.234361361,pomt2/large2/tmtc4/pomt1,4,,,,,,,,,,,,,,,,,,,,,
BP,GO:0072657,protein localization to membrane,19/653,308/21022,0.061688312,1.985929079,3.12095474,0.003714123,0.239858522,0.234361361,camk2g1/gphna/hycc2/c2cd5/scrib/rab41/stx1b/ank2b/zdhhc14/pacs2/camk2d1/mffa/pacs1a/efr3a/camk2g2/arl5a/phaf1/sec61b/tm9sf4,19,,,,,,,,,,,,,,,,,,,,,
BP,GO:0090407,organophosphate biosynthetic process,25/653,449/21022,0.055679287,1.792480823,3.039215826,0.003778953,0.239858522,0.234361361,gphna/pdk4/pi4kb/pgap2/hycc2/tpk1/pip4k2aa/impa1/gnpnat1/prpsap2/gpat3/acaca/acss2/etnk1/ampd2b/slc30a5/nadkb/impdh1b/chpt1/kmo/crls1/pdk2a/haao/zgc:172295/acsl1a,25,,,,,,,,,,,,,,,,,,,,,
BP,GO:0034440,lipid oxidation,7/653,65/21022,0.107692308,3.466933679,3.566547549,0.003951403,0.244025824,0.238433156,zgc:85777/acox3/decr1/crot/ech1/phyh/hao1,7,,,,,,,,,,,,,,,,,,,,,
BP,GO:0009074,aromatic amino acid family catabolic process,5/653,35/21022,0.142857143,4.598993656,3.815384795,0.004273102,0.253133042,0.247331651,hal/uroc1/kmo/haao/tat,5,,,,,,,,,,,,,,,,,,,,,
BP,GO:0002098,tRNA wobble uridine modification,4/653,22/21022,0.181818182,5.853264653,4.077876699,0.004320433,0.253133042,0.247331651,alkbh8/urm1/elp1/elp6,4,,,,,,,,,,,,,,,,,,,,,
BP,GO:0006650,glycerophospholipid metabolic process,15/653,227/21022,0.066079295,2.127287814,3.057501659,0.005056701,0.276373545,0.270039521,pi4kb/pgap2/synj1/hycc2/pikfyve/pip4k2aa/impa1/cetp/pnpla6/gpat3/etnk1/slc30a5/crls1/inpp5l/ocrl,15,,,,,,,,,,,,,,,,,,,,,
BP,GO:0006544,glycine metabolic process,3/653,12/21022,0.25,8.048238897,4.372770006,0.005321854,0.276373545,0.270039521,gcshb/agxtb/gldc,3,,,,,,,,,,,,,,,,,,,,,
BP,GO:0035459,vesicle cargo loading,3/653,12/21022,0.25,8.048238897,4.372770006,0.005321854,0.276373545,0.270039521,sec24c/sec23a/sec24a,3,,,,,,,,,,,,,,,,,,,,,
BP,GO:0046037,GMP metabolic process,3/653,12/21022,0.25,8.048238897,4.372770006,0.005321854,0.276373545,0.270039521,impdh1b/nt5c2a/nt5c2b,3,,,,,,,,,,,,,,,,,,,,,
BP,GO:0097475,motor neuron migration,3/653,12/21022,0.25,8.048238897,4.372770006,0.005321854,0.276373545,0.270039521,scrib/rest/nhsl1b,3,,,,,,,,,,,,,,,,,,,,,
BP,GO:0170039,proteinogenic amino acid metabolic process,12/653,165/21022,0.072727273,2.341305861,3.097007781,0.005520769,0.280332363,0.273907609,cbsb/hal/gcshb/uroc1/agxtb/gldc/mtrr/kmo/haao/oat/tat/cdo1,12,,,,,,,,,,,,,,,,,,,,,
BP,GO:0051640,organelle localization,20/653,344/21022,0.058139535,1.871683465,2.918651129,0.005696915,0.282988037,0.276502419,akap9/synj1/ift88/sec16b/scrib/stx1b/si:dkey-32e23.4/kif13a/si:ch211-235m3.5/picalma/rims1a/clasp1a/rab3ip/pard3ab/kif1b/diaph2/ocrl/borcs6/rhot1b/pam,20,,,,,,,,,,,,,,,,,,,,,
BP,GO:0002097,tRNA wobble base modification,4/653,24/21022,0.166666667,5.365492598,3.831319182,0.005975738,0.290522587,0.28386429,alkbh8/urm1/elp1/elp6,4,,,,,,,,,,,,,,,,,,,,,
BP,GO:0170033,L-amino acid metabolic process,12/653,170/21022,0.070588235,2.272443924,2.982549619,0.006962737,0.331455295,0.323858888,cbsb/hal/gcshb/uroc1/agxtb/gldc/mtrr/kmo/haao/oat/tat/cdo1,12,,,,,,,,,,,,,,,,,,,,,
BP,GO:1901605,alpha-amino acid metabolic process,13/653,193/21022,0.067357513,2.168437423,2.919767872,0.007467931,0.341973578,0.334136109,cbsb/hal/gcshb/uroc1/agxtb/gldc/sardh/mtrr/kmo/haao/oat/tat/cdo1,13,,,,,,,,,,,,,,,,,,,,,
BP,GO:0009062,fatty acid catabolic process,7/653,73/21022,0.095890411,3.086995741,3.198156907,0.00748301,0.341973578,0.334136109,zgc:85777/acox3/decr1/crot/ech1/phyh/hao1,7,,,,,,,,,,,,,,,,,,,,,
BP,GO:0000041,transition metal ion transport,7/653,74/21022,0.094594595,3.045279583,3.155699804,0.008049486,0.35371297,0.345606454,tmem165/atp2c1/slc30a5/slc39a14/cp/steap4/slc25a39,7,,,,,,,,,,,,,,,,,,,,,
BP,GO:0140053,mitochondrial gene expression,7/653,74/21022,0.094594595,3.045279583,3.155699804,0.008049486,0.35371297,0.345606454,rars2/fastk/rcc1l/polrmt/cdk5rap1/kansl3/tbrg4,7,,,,,,,,,,,,,,,,,,,,,
BP,GO:1904263,positive regulation of TORC1 signaling,4/653,27/21022,0.148148148,4.769326754,3.509022495,0.00917182,0.395426598,0.386364075,waca/mios/otud5b/lamtor3,4,,,,,,,,,,,,,,,,,,,,,
BP,GO:0030258,lipid modification,11/653,157/21022,0.070063694,2.255557398,2.827324299,0.010062439,0.419049785,0.409445857,zgc:85777/synj1/acox3/decr1/porcnl/crot/ech1/phyh/inpp5l/ocrl/hao1,11,,,,,,,,,,,,,,,,,,,,,
BP,GO:0016973,poly(A)+ mRNA export from nucleus,3/653,15/21022,0.2,6.438591118,3.772666742,0.010269929,0.419049785,0.409445857,nxt2/sarnp/ddx19b,3,,,,,,,,,,,,,,,,,,,,,
BP,GO:1903076,regulation of protein localization to plasma membrane,3/653,15/21022,0.2,6.438591118,3.772666742,0.010269929,0.419049785,0.409445857,camk2g1/camk2d1/camk2g2,3,,,,,,,,,,,,,,,,,,,,,
BP,GO:0046488,phosphatidylinositol metabolic process,10/653,138/21022,0.072463768,2.332822869,2.81257142,0.011054233,0.435034061,0.425063799,pi4kb/pgap2/synj1/hycc2/pikfyve/pip4k2aa/impa1/slc30a5/inpp5l/ocrl,10,,,,,,,,,,,,,,,,,,,,,
BP,GO:0035384,thioester biosynthetic process,5/653,44/21022,0.113636364,3.658290408,3.160422497,0.01138133,0.435034061,0.425063799,pdk4/acaca/acss2/pdk2a/acsl1a,5,,,,,,,,,,,,,,,,,,,,,
BP,GO:0071616,acyl-CoA biosynthetic process,5/653,44/21022,0.113636364,3.658290408,3.160422497,0.01138133,0.435034061,0.425063799,pdk4/acaca/acss2/pdk2a/acsl1a,5,,,,,,,,,,,,,,,,,,,,,
BP,GO:0007411,axon guidance,18/653,322/21022,0.055900621,1.799606213,2.588912341,0.012298855,0.435034061,0.425063799,met/hif1ab/scrib/sema6d/neo1a/plxnb1b/ppp1r12a/nrxn2a/rest/stim1a/rtn4a/enah/kif1b/mycbp2/stat3/ext2/rbpms2b/usp33,18,,,,,,,,,,,,,,,,,,,,,
BP,GO:0097485,neuron projection guidance,18/653,322/21022,0.055900621,1.799606213,2.588912341,0.012298855,0.435034061,0.425063799,met/hif1ab/scrib/sema6d/neo1a/plxnb1b/ppp1r12a/nrxn2a/rest/stim1a/rtn4a/enah/kif1b/mycbp2/stat3/ext2/rbpms2b/usp33,18,,,,,,,,,,,,,,,,,,,,,
BP,GO:0043605,amide catabolic process,3/653,16/21022,0.1875,6.036179173,3.6081776,0.012352353,0.435034061,0.425063799,pm20d1.2/hal/uroc1,3,,,,,,,,,,,,,,,,,,,,,
BP,GO:1904375,regulation of protein localization to cell periphery,3/653,16/21022,0.1875,6.036179173,3.6081776,0.012352353,0.435034061,0.425063799,camk2g1/camk2d1/camk2g2,3,,,,,,,,,,,,,,,,,,,,,
BP,GO:0001764,neuron migration,6/653,62/21022,0.096774194,3.115447315,2.986763546,0.012375148,0.435034061,0.425063799,met/scrib/neo1a/disc1/rest/nhsl1b,6,,,,,,,,,,,,,,,,,,,,,
BP,GO:0060113,inner ear receptor cell differentiation,6/653,62/21022,0.096774194,3.115447315,2.986763546,0.012375148,0.435034061,0.425063799,camk2g1/pi4kb/ift88/cobl/stat3/pgk1,6,,,,,,,,,,,,,,,,,,,,,
BP,GO:0008045,motor neuron axon guidance,6/653,63/21022,0.095238095,3.06599577,2.940443552,0.013329223,0.461473868,0.45089765,hif1ab/ppp1r12a/nrxn2a/rest/kif1b/stat3,6,,,,,,,,,,,,,,,,,,,,,
BP,GO:0016049,cell growth,11/653,164/21022,0.067073171,2.159283607,2.668539955,0.013631952,0.464910594,0.454255612,myo10l1/katna1/plxnb1b/nrxn2a/pard3ab/stim1a/kif1b/mycbp2/fus/ext2/dbnlb,11,,,,,,,,,,,,,,,,,,,,,
BP,GO:0045017,glycerolipid biosynthetic process,10/653,143/21022,0.06993007,2.251255636,2.688175637,0.013939199,0.468398091,0.457663181,pi4kb/pgap2/hycc2/pip4k2aa/impa1/gpat3/etnk1/slc30a5/mogat2/crls1,10,,,,,,,,,,,,,,,,,,,,,
BP,GO:0006520,amino acid metabolic process,16/653,280/21022,0.057142857,1.839597462,2.532347146,0.014584801,0.482989435,0.471920116,cbsb/rars2/pm20d1.2/hal/gcshb/uroc1/agxtb/gldc/sardh/mtrr/aars2/kmo/haao/oat/tat/cdo1,16,,,,,,,,,,,,,,,,,,,,,
BP,GO:0046474,glycerophospholipid biosynthetic process,9/653,124/21022,0.072580645,2.336585486,2.672721109,0.015344343,0.500883196,0.489403782,pi4kb/pgap2/hycc2/pip4k2aa/impa1/gpat3/etnk1/slc30a5/crls1,9,,,,,,,,,,,,,,,,,,,,,
BP,GO:0016311,dephosphorylation,14/653,236/21022,0.059322034,1.909751603,2.516470201,0.016033751,0.510448266,0.498749636,ptpn21/ptprt/dusp8a/synj1/ssh2a/mtmr14/ptprb/dusp4/cdc14b/inpp5l/ppp2r5d/ocrl/dusp12/styx,14,,,,,,,,,,,,,,,,,,,,,
BP,GO:0009072,aromatic amino acid metabolic process,5/653,48/21022,0.104166667,3.353432874,2.922672984,0.016225735,0.510448266,0.498749636,hal/uroc1/kmo/haao/tat,5,,,,,,,,,,,,,,,,,,,,,
BP,GO:0006400,tRNA modification,7/653,85/21022,0.082352941,2.651184578,2.731154588,0.016530929,0.510448266,0.498749636,trmt1l/cdk5rap1/wdr4/alkbh8/urm1/elp1/elp6,7,,,,,,,,,,,,,,,,,,,,,
BP,GO:0170040,proteinogenic amino acid catabolic process,7/653,85/21022,0.082352941,2.651184578,2.731154588,0.016530929,0.510448266,0.498749636,hal/gcshb/uroc1/gldc/oat/tat/cdo1,7,,,,,,,,,,,,,,,,,,,,,
BP,GO:0048268,clathrin coat assembly,3/653,18/21022,0.166666667,5.365492598,3.317545796,0.017191511,0.516876358,0.505030406,cltcb/hip1/picalma,3,,,,,,,,,,,,,,,,,,,,,
BP,GO:0061074,regulation of neural retina development,3/653,18/21022,0.166666667,5.365492598,3.317545796,0.017191511,0.516876358,0.505030406,vps16/atoh8/atp6v1h,3,,,,,,,,,,,,,,,,,,,,,
BP,GO:0032008,positive regulation of TOR signaling,4/653,33/21022,0.121212121,3.902176435,2.987330894,0.018482916,0.542238326,0.52981112,waca/mios/otud5b/lamtor3,4,,,,,,,,,,,,,,,,,,,,,
BP,GO:0006635,fatty acid beta-oxidation,5/653,50/21022,0.1,3.219295559,2.813057727,0.019094076,0.542238326,0.52981112,zgc:85777/acox3/decr1/crot/ech1,5,,,,,,,,,,,,,,,,,,,,,
BP,GO:0007528,neuromuscular junction development,5/653,50/21022,0.1,3.219295559,2.813057727,0.019094076,0.542238326,0.52981112,gphna/ppfibp2b/nrxn2a/mycbp2/slc25a1b,5,,,,,,,,,,,,,,,,,,,,,
BP,GO:0010506,regulation of autophagy,8/653,108/21022,0.074074074,2.384663377,2.583068684,0.019374035,0.542238326,0.52981112,atg13/rubcn/waca/mtmr14/usp10/tmem39a/snx30/dram2b,8,,,,,,,,,,,,,,,,,,,,,
BP,GO:0042490,mechanoreceptor differentiation,7/653,88/21022,0.079545455,2.560803286,2.627010565,0.019654984,0.542238326,0.52981112,camk2g1/pi4kb/ift88/cobl/kremen1/stat3/pgk1,7,,,,,,,,,,,,,,,,,,,,,
BP,GO:0000963,mitochondrial RNA processing,3/653,19/21022,0.157894737,5.083098251,3.188044592,0.019952829,0.542238326,0.52981112,fastk/cdk5rap1/tbrg4,3,,,,,,,,,,,,,,,,,,,,,
BP,GO:0032786,positive regulation of DNA-templated transcription elongation,,,,,,,,,,,,,,,,,,,,,,3/653,19/21022,0.157894737,5.083098251,3.188044592,0.019952829,0.542238326,0.52981112,ccnk/ccnt2a/cdk12,3
BP,GO:0034067,protein localization to Golgi apparatus,3/653,19/21022,0.157894737,5.083098251,3.188044592,0.019952829,0.542238326,0.52981112,rab41/vps13d/arl5a,3,,,,,,,,,,,,,,,,,,,,,
BP,GO:0098876,vesicle-mediated transport to the plasma membrane,8/653,109/21022,0.073394495,2.362785731,2.554059913,0.020361188,0.542238326,0.52981112,rab11fip3/stxbp5b/snx17/scrib/stx1b/snx30/phaf1/dennd1a,8,,,,,,,,,,,,,,,,,,,,,
BP,GO:0008654,phospholipid biosynthetic process,10/653,152/21022,0.065789474,2.117957605,2.476762289,0.02050138,0.542238326,0.52981112,pi4kb/pgap2/hycc2/pip4k2aa/impa1/gpat3/etnk1/slc30a5/chpt1/crls1,10,,,,,,,,,,,,,,,,,,,,,
BP,GO:0006900,vesicle budding from membrane,5/653,51/21022,0.098039216,3.156172117,2.760306868,0.020645398,0.542238326,0.52981112,sec24c/sec16b/picalma/sec23a/sec24a,5,,,,,,,,,,,,,,,,,,,,,
BP,GO:0032868,response to insulin,6/653,70/21022,0.085714286,2.759396193,2.639966087,0.021481139,0.557722254,0.544940182,pdk4/grb10b/socs7/khk/slc39a14/igf2b,6,,,,,,,,,,,,,,,,,,,,,
BP,GO:0170035,L-amino acid catabolic process,7/653,90/21022,0.077777778,2.503896546,2.559954676,0.021953364,0.557722254,0.544940182,hal/gcshb/uroc1/gldc/oat/tat/cdo1,7,,,,,,,,,,,,,,,,,,,,,
BP,GO:0006479,protein methylation,4/653,35/21022,0.114285714,3.679194925,2.840282745,0.022533241,0.557722254,0.544940182,setd6/pcmt/mettl22/carm1,4,,,,,,,,,,,,,,,,,,,,,
BP,GO:0008213,protein alkylation,4/653,35/21022,0.114285714,3.679194925,2.840282745,0.022533241,0.557722254,0.544940182,setd6/pcmt/mettl22/carm1,4,,,,,,,,,,,,,,,,,,,,,
BP,GO:0010212,response to ionizing radiation,4/653,35/21022,0.114285714,3.679194925,2.840282745,0.022533241,0.557722254,0.544940182,babam2/ints3/brat1/xrcc4,4,,,,,,,,,,,,,,,,,,,,,
BP,GO:0019359,nicotinamide nucleotide biosynthetic process,3/653,20/21022,0.15,4.828943338,3.067340812,0.022943498,0.557722254,0.544940182,nadkb/kmo/haao,3,,,,,,,,,,,,,,,,,,,,,
BP,GO:0019363,pyridine nucleotide biosynthetic process,3/653,20/21022,0.15,4.828943338,3.067340812,0.022943498,0.557722254,0.544940182,nadkb/kmo/haao,3,,,,,,,,,,,,,,,,,,,,,
BP,GO:0060119,inner ear receptor cell development,5/653,53/21022,0.094339623,3.037071282,2.658604429,0.023989401,0.576966566,0.563743447,pi4kb/ift88/cobl/stat3/pgk1,5,,,,,,,,,,,,,,,,,,,,,
BP,GO:0043434,response to peptide hormone,8/653,113/21022,0.07079646,2.279147298,2.441133727,0.024667783,0.576966566,0.563743447,pdk4/stat5a/grb10b/socs7/khk/stat3/slc39a14/igf2b,8,,,,,,,,,,,,,,,,,,,,,
BP,GO:0001649,osteoblast differentiation,4/653,36/21022,0.111111111,3.576995066,2.770756915,0.024745174,0.576966566,0.563743447,tmem165/rest/ext2/ihha,4,,,,,,,,,,,,,,,,,,,,,
BP,GO:0040001,establishment of mitotic spindle localization,4/653,36/21022,0.111111111,3.576995066,2.770756915,0.024745174,0.576966566,0.563743447,ift88/scrib/clasp1a/diaph2,4,,,,,,,,,,,,,,,,,,,,,
BP,GO:0042180,cellular ketone metabolic process,7/653,93/21022,0.075268817,2.42312569,2.46268529,0.025739703,0.578373408,0.565118046,cbsb/pdk4/coq6/hagh/ppardb/kmo/pdk2a,7,,,,,,,,,,,,,,,,,,,,,
BP,GO:0021696,cerebellar cortex morphogenesis,3/653,21/21022,0.142857143,4.598993656,2.954399109,0.026163618,0.578373408,0.565118046,met/disc1/exosc8,3,,,,,,,,,,,,,,,,,,,,,
BP,GO:0048168,regulation of neuronal synaptic plasticity,3/653,21/21022,0.142857143,4.598993656,2.954399109,0.026163618,0.578373408,0.565118046,camk2g1/camk2d1/camk2g2,3,,,,,,,,,,,,,,,,,,,,,
BP,GO:0072698,protein localization to microtubule cytoskeleton,3/653,21/21022,0.142857143,4.598993656,2.954399109,0.026163618,0.578373408,0.565118046,rab11fip3/pcm1/mid2,3,,,,,,,,,,,,,,,,,,,,,
BP,GO:0006886,intracellular protein transport,23/653,478/21022,0.048117155,1.549033428,2.17404563,0.026183045,0.578373408,0.565118046,sec24c/snx11/scfd1/snx17/vps16/c2cd5/uhmk1/scrib/rab41/stx1b/cltcb/stx18/kif13a/pex14/arfip1/sec23a/vps26c/clta/vps13d/sec24a/ipo8/arl5a/sec61b,23,,,,,,,,,,,,,,,,,,,,,
BP,GO:0006644,phospholipid metabolic process,16/653,301/21022,0.053156146,1.711253453,2.225362181,0.026595131,0.578373408,0.565118046,pi4kb/pgap2/synj1/hycc2/pikfyve/pip4k2aa/impa1/cetp/pnpla6/gpat3/etnk1/slc30a5/chpt1/crls1/inpp5l/ocrl,16,,,,,,,,,,,,,,,,,,,,,
BP,GO:0008286,insulin receptor signaling pathway,4/653,37/21022,0.108108108,3.480319523,2.703662203,0.027083569,0.578373408,0.565118046,pdk4/grb10b/socs7/igf2b,4,,,,,,,,,,,,,,,,,,,,,
BP,GO:0019674,NAD metabolic process,4/653,37/21022,0.108108108,3.480319523,2.703662203,0.027083569,0.578373408,0.565118046,nadkb/kmo/nudt12/haao,4,,,,,,,,,,,,,,,,,,,,,
BP,GO:0072348,sulfur compound transport,4/653,37/21022,0.108108108,3.480319523,2.703662203,0.027083569,0.578373408,0.565118046,slc25a26/abcc1/slc6a6a/slc25a39,4,,,,,,,,,,,,,,,,,,,,,
BP,GO:0006790,sulfur compound metabolic process,15/653,278/21022,0.053956835,1.737029978,2.214928551,0.027751785,0.587155828,0.573699188,cbsb/pdk4/tpk1/acaca/acss2/sult1st6/gstt2/hagh/csgalnact1a/mtrr/ndst2a/pdk2a/ext2/cdo1/acsl1a,15,,,,,,,,,,,,,,,,,,,,,
BP,GO:0006661,phosphatidylinositol biosynthetic process,6/653,75/21022,0.08,2.575436447,2.447197535,0.029023227,0.604578661,0.590722718,pi4kb/pgap2/hycc2/pip4k2aa/impa1/slc30a5,6,,,,,,,,,,,,,,,,,,,,,
BP,GO:0060872,semicircular canal development,4/653,38/21022,0.105263158,3.388732167,2.638842926,0.029549592,0.604578661,0.590722718,pi4kb/hnf1ba/tbx1/ext2,4,,,,,,,,,,,,,,,,,,,,,
BP,GO:0072583,clathrin-dependent endocytosis,4/653,38/21022,0.105263158,3.388732167,2.638842926,0.029549592,0.604578661,0.590722718,picalma/clta/itsn1/gak,4,,,,,,,,,,,,,,,,,,,,,
BP,GO:0071375,cellular response to peptide hormone stimulus,7/653,96/21022,0.072916667,2.347403012,2.369127547,0.029949424,0.604578661,0.590722718,pdk4/stat5a/grb10b/socs7/stat3/slc39a14/igf2b,7,,,,,,,,,,,,,,,,,,,,,
BP,GO:0006470,protein dephosphorylation,10/653,162/21022,0.061728395,1.987219481,2.258460476,0.030162787,0.604578661,0.590722718,ptpn21/ptprt/dusp8a/ssh2a/ptprb/dusp4/cdc14b/ppp2r5d/dusp12/styx,10,,,,,,,,,,,,,,,,,,,,,
BP,GO:0008154,actin polymerization or depolymerization,10/653,162/21022,0.061728395,1.987219481,2.258460476,0.030162787,0.604578661,0.590722718,msrb2/ssh2a/si:ch211-176g13.8/baiap2a/add3a/plekhg2/enah/diaph2/dbnlb/arpc2,10,,,,,,,,,,,,,,,,,,,,,
BP,GO:0051656,establishment of organelle localization,14/653,258/21022,0.054263566,1.746904567,2.161314069,0.031403269,0.619506344,0.605308283,synj1/ift88/sec16b/scrib/kif13a/si:ch211-235m3.5/picalma/clasp1a/rab3ip/pard3ab/kif1b/diaph2/ocrl/rhot1b,14,,,,,,,,,,,,,,,,,,,,,
BP,GO:0001666,response to hypoxia,7/653,97/21022,0.072164948,2.323202981,2.338718909,0.031449775,0.619506344,0.605308283,hif1ab/igfbp1a/egln3/atf6/rest/camk2g2/pgk1,7,,,,,,,,,,,,,,,,,,,,,
BP,GO:0010565,regulation of cellular ketone metabolic process,4/653,39/21022,0.102564103,3.301841599,2.576157257,0.032144181,0.622452994,0.608187401,cbsb/pdk4/ppardb/pdk2a,4,,,,,,,,,,,,,,,,,,,,,
BP,GO:0099518,vesicle cytoskeletal trafficking,4/653,39/21022,0.102564103,3.301841599,2.576157257,0.032144181,0.622452994,0.608187401,synj1/kif13a/si:ch211-235m3.5/kif1b,4,,,,,,,,,,,,,,,,,,,,,
BP,GO:0043414,macromolecule methylation,7/653,98/21022,0.071428571,2.299496828,2.308683125,0.032999677,0.62863808,0.614230735,setd6/trmt1l/pcmt/wdr4/alkbh8/mettl22/carm1,7,,,,,,,,,,,,,,,,,,,,,
BP,GO:0019217,regulation of fatty acid metabolic process,3/653,23/21022,0.130434783,4.199081164,2.74845286,0.033288931,0.62863808,0.614230735,pdk4/ppardb/pdk2a,3,,,,,,,,,,,,,,,,,,,,,
BP,GO:0021695,cerebellar cortex development,3/653,23/21022,0.130434783,4.199081164,2.74845286,0.033288931,0.62863808,0.614230735,met/disc1/exosc8,3,,,,,,,,,,,,,,,,,,,,,
BP,GO:0036293,response to decreased oxygen levels,7/653,99/21022,0.070707071,2.276269587,2.279011217,0.034599688,0.635919399,0.621345178,hif1ab/igfbp1a/egln3/atf6/rest/camk2g2/pgk1,7,,,,,,,,,,,,,,,,,,,,,
BP,GO:0009126,purine nucleoside monophosphate metabolic process,4/653,40/21022,0.1,3.219295559,2.51547567,0.034868048,0.635919399,0.621345178,ampd2b/impdh1b/nt5c2a/nt5c2b,4,,,,,,,,,,,,,,,,,,,,,
BP,GO:0009167,purine ribonucleoside monophosphate metabolic process,4/653,40/21022,0.1,3.219295559,2.51547567,0.034868048,0.635919399,0.621345178,ampd2b/impdh1b/nt5c2a/nt5c2b,4,,,,,,,,,,,,,,,,,,,,,
BP,GO:0046854,phosphatidylinositol phosphate biosynthetic process,4/653,40/21022,0.1,3.219295559,2.51547567,0.034868048,0.635919399,0.621345178,pi4kb/hycc2/pip4k2aa/impa1,4,,,,,,,,,,,,,,,,,,,,,
BP,GO:0072521,purine-containing compound metabolic process,20/653,414/21022,0.048309179,1.555215246,2.042876222,0.035066015,0.635919399,0.621345178,pdk4/uox/prpsap2/acaca/acss2/nudt4a/adpgk/xdh/ampd2b/nadkb/impdh1b/kmo/nt5c2a/fdxr/pdk2a/nudt12/haao/pgk1/nt5c2b/acsl1a,20,,,,,,,,,,,,,,,,,,,,,
BP,GO:0001736,establishment of planar polarity,2/653,10/21022,0.2,6.438591118,3.080002973,0.036747865,0.637423288,0.6228146,scrib/stat3,2,,,,,,,,,,,,,,,,,,,,,
BP,GO:0061550,cranial ganglion development,2/653,10/21022,0.2,6.438591118,3.080002973,0.036747865,0.637423288,0.6228146,kif1b/pgk1,2,,,,,,,,,,,,,,,,,,,,,
BP,GO:0071108,protein K48-linked deubiquitination,2/653,10/21022,0.2,6.438591118,3.080002973,0.036747865,0.637423288,0.6228146,usp20/usp33,2,,,,,,,,,,,,,,,,,,,,,
BP,GO:1903051,negative regulation of proteolysis involved in protein catabolic process,2/653,10/21022,0.2,6.438591118,3.080002973,0.036747865,0.637423288,0.6228146,n4bp1/styx,2,,,,,,,,,,,,,,,,,,,,,
BP,GO:1905477,positive regulation of protein localization to membrane,2/653,10/21022,0.2,6.438591118,3.080002973,0.036747865,0.637423288,0.6228146,c2cd5/mffa,2,,,,,,,,,,,,,,,,,,,,,
BP,GO:0000096,sulfur amino acid metabolic process,3/653,24/21022,0.125,4.024119449,2.654080059,0.037190816,0.637423288,0.6228146,cbsb/mtrr/cdo1,3,,,,,,,,,,,,,,,,,,,,,
BP,GO:0006085,acetyl-CoA biosynthetic process,3/653,24/21022,0.125,4.024119449,2.654080059,0.037190816,0.637423288,0.6228146,pdk4/acss2/pdk2a,3,,,,,,,,,,,,,,,,,,,,,
BP,GO:0045494,photoreceptor cell maintenance,4/653,41/21022,0.097560976,3.140776155,2.456679591,0.037721685,0.637423288,0.6228146,pomt2/ift88/usp45/dram2b,4,,,,,,,,,,,,,,,,,,,,,
BP,GO:0043648,dicarboxylic acid metabolic process,5/653,60/21022,0.083333333,2.682746299,2.337094824,0.038346909,0.637423288,0.6228146,hal/uroc1/kmo/haao/oat,5,,,,,,,,,,,,,,,,,,,,,
BP,GO:0051258,protein polymerization,11/653,194/21022,0.056701031,1.825373771,2.067883969,0.040350573,0.637423288,0.6228146,akap9/msrb2/ssh2a/si:ch211-176g13.8/baiap2a/add3a/plekhg2/diaph2/dbnlb/arpc2/fgb,11,,,,,,,,,,,,,,,,,,,,,
BP,GO:0045727,positive regulation of translation,4/653,42/21022,0.095238095,3.06599577,2.39966023,0.04070537,0.637423288,0.6228146,larp1b/uhmk1/rcc1l/guf1,4,,,,,,,,,,,,,,,,,,,,,
BP,GO:0032869,cellular response to insulin stimulus,5/653,61/21022,0.081967213,2.638766852,2.294956784,0.040746626,0.637423288,0.6228146,pdk4/grb10b/socs7/slc39a14/igf2b,5,,,,,,,,,,,,,,,,,,,,,
BP,GO:0001738,morphogenesis of a polarized epithelium,3/653,25/21022,0.12,3.863154671,2.56468843,0.041315653,0.637423288,0.6228146,scrib/traf4a/stat3,3,,,,,,,,,,,,,,,,,,,,,
BP,GO:0006536,glutamate metabolic process,3/653,25/21022,0.12,3.863154671,2.56468843,0.041315653,0.637423288,0.6228146,hal/uroc1/oat,3,,,,,,,,,,,,,,,,,,,,,
BP,GO:0072525,pyridine-containing compound biosynthetic process,3/653,25/21022,0.12,3.863154671,2.56468843,0.041315653,0.637423288,0.6228146,nadkb/kmo/haao,3,,,,,,,,,,,,,,,,,,,,,
BP,GO:0031329,regulation of cellular catabolic process,8/653,125/21022,0.064,2.060349158,2.128924959,0.041316212,0.637423288,0.6228146,atg13/rubcn/waca/mtmr14/usp10/tmem39a/snx30/dram2b,8,,,,,,,,,,,,,,,,,,,,,
BP,GO:0007015,actin filament organization,19/653,396/21022,0.047979798,1.544611506,1.958958885,0.041523214,0.637423288,0.6228146,pof1b/msrb2/cnn3b/ssh2a/zgc:86896/si:ch211-176g13.8/hip1/lima1a/wasla/arfip1/baiap2a/add3a/ppp1r12a/plekhg2/enah/diaph2/tesk1b/dbnlb/arpc2,19,,,,,,,,,,,,,,,,,,,,,
BP,GO:0006403,RNA localization,7/653,104/21022,0.067307692,2.166833549,2.135816418,0.043368938,0.637423288,0.6228146,nup58/sidt2/ybx1/kif1b/nxt2/sarnp/ddx19b,7,,,,,,,,,,,,,,,,,,,,,
BP,GO:0006641,triglyceride metabolic process,4/653,43/21022,0.093023256,2.994693543,2.344317561,0.043819171,0.637423288,0.6228146,cetp/gpat3/mogat2/zgc:172295,4,,,,,,,,,,,,,,,,,,,,,
BP,GO:0048488,synaptic vesicle endocytosis,4/653,43/21022,0.093023256,2.994693543,2.344317561,0.043819171,0.637423288,0.6228146,synj1/sh3gl3a/picalma/itsn1,4,,,,,,,,,,,,,,,,,,,,,
BP,GO:0072384,organelle transport along microtubule,4/653,43/21022,0.093023256,2.994693543,2.344317561,0.043819171,0.637423288,0.6228146,kif13a/si:ch211-235m3.5/kif1b/rhot1b,4,,,,,,,,,,,,,,,,,,,,,
BP,GO:0140238,presynaptic endocytosis,4/653,43/21022,0.093023256,2.994693543,2.344317561,0.043819171,0.637423288,0.6228146,synj1/sh3gl3a/picalma/itsn1,4,,,,,,,,,,,,,,,,,,,,,
BP,GO:1902414,protein localization to cell junction,4/653,43/21022,0.093023256,2.994693543,2.344317561,0.043819171,0.637423288,0.6228146,scrib/stx1b/pard3ab/tjp2b,4,,,,,,,,,,,,,,,,,,,,,
BP,GO:0007164,establishment of tissue polarity,2/653,11/21022,0.181818182,5.853264653,2.882739363,0.044006293,0.637423288,0.6228146,scrib/stat3,2,,,,,,,,,,,,,,,,,,,,,
BP,GO:0015858,nucleoside transport,2/653,11/21022,0.181818182,5.853264653,2.882739363,0.044006293,0.637423288,0.6228146,slc29a3/slc28a1,2,,,,,,,,,,,,,,,,,,,,,
BP,GO:0042908,xenobiotic transport,2/653,11/21022,0.181818182,5.853264653,2.882739363,0.044006293,0.637423288,0.6228146,slc47a2.1/abcc1,2,,,,,,,,,,,,,,,,,,,,,
BP,GO:1901642,nucleoside transmembrane transport,2/653,11/21022,0.181818182,5.853264653,2.882739363,0.044006293,0.637423288,0.6228146,slc29a3/slc28a1,2,,,,,,,,,,,,,,,,,,,,,
BP,GO:0010638,positive regulation of organelle organization,9/653,150/21022,0.06,1.931577335,2.050127792,0.044766554,0.637423288,0.6228146,lnpk/c2cd5/tapt1b/micu1/baiap2a/mffa/tnksa/snx30/tesk1b,9,,,,,,,,,,,,,,,,,,,,,
BP,GO:0048915,posterior lateral line system development,7/653,105/21022,0.066666667,2.146197039,2.10815557,0.045279738,0.637423288,0.6228146,ctnnd1/rtn4a/kif1b/itchb/kremen1/stat3/ext2,7,,,,,,,,,,,,,,,,,,,,,
BP,GO:0070482,response to oxygen levels,7/653,105/21022,0.066666667,2.146197039,2.10815557,0.045279738,0.637423288,0.6228146,hif1ab/igfbp1a/egln3/atf6/rest/camk2g2/pgk1,7,,,,,,,,,,,,,,,,,,,,,
BP,GO:0048925,lateral line system development,10/653,174/21022,0.057471264,1.850169861,2.016260085,0.045539026,0.637423288,0.6228146,scrib/ctnnd1/rtn4a/kif1b/itchb/ocrl/kremen1/stat3/ext2/eif3ha,10,,,,,,,,,,,,,,,,,,,,,
BP,GO:0030041,actin filament polymerization,9/653,151/21022,0.059602649,1.918785432,2.028753901,0.046356662,0.637423288,0.6228146,msrb2/ssh2a/si:ch211-176g13.8/baiap2a/add3a/plekhg2/diaph2/dbnlb/arpc2,9,,,,,,,,,,,,,,,,,,,,,
BP,GO:0045944,positive regulation of transcription by RNA polymerase II,19/653,402/21022,0.047263682,1.521557602,1.890468298,0.04701215,0.637423288,0.6228146,ccnk/si:dkey-154p10.3/stat5a/znf827/dhx9/kansl3/crebbpa/ccnt2a/ppardb/rest/nr1d2b/cdk12/atoh8/ppargc1b/mkrn2/ncoa6/zgc:110158/kmt2ca/igf2b,19,,,,,,,,,,,,,,,,,,,,,
BP,GO:0051293,establishment of spindle localization,4/653,44/21022,0.090909091,2.926632326,2.290559424,0.047062956,0.637423288,0.6228146,ift88/scrib/clasp1a/diaph2,4,,,,,,,,,,,,,,,,,,,,,
BP,GO:0051653,spindle localization,4/653,44/21022,0.090909091,2.926632326,2.290559424,0.047062956,0.637423288,0.6228146,ift88/scrib/clasp1a/diaph2,4,,,,,,,,,,,,,,,,,,,,,
BP,GO:0016197,endosomal transport,12/653,224/21022,0.053571429,1.724622621,1.952196511,0.047756171,0.637423288,0.6228146,rab11fip3/zgc:162698/snx17/reps1/vps16/scrib/rab41/washc2c/dennd5a/itsn1/snx30/dennd1a,12,,,,,,,,,,,,,,,,,,,,,
BP,GO:0006493,protein O-linked glycosylation,6/653,85/21022,0.070588235,2.272443924,2.104695688,0.048867795,0.637423288,0.6228146,galnt16/pomt2/large2/tmtc4/aars2/pomt1,6,,,,,,,,,,,,,,,,,,,,,
BP,GO:0048589,developmental growth,21/653,458/21022,0.045851528,1.476096217,1.844472118,0.049931757,0.637423288,0.6228146,cbsb/tlcd3ba/scfd1/ctnnd1/myo10l1/stat5a/katna1/chd3/plxnb1b/ppp1r12a/traf4a/nrxn2a/pard3ab/stim1a/kif1b/mycbp2/stat3/fus/ext2/dbnlb/igf2b,21,,,,,,,,,,,,,,,,,,,,,
CC,GO:0005777,peroxisome,12/655,110/21740,0.109090909,3.620818876,4.856895053,0.000120496,0.021207281,0.020294049,uox/eci2/acbd5a/pex11g/acox3/pex14/crot/xdh/agxtb/mffa/nudt12/hao1,12,,,,,,,,,,,,,,,,,,,,,
CC,GO:0042579,microbody,12/655,110/21740,0.109090909,3.620818876,4.856895053,0.000120496,0.021207281,0.020294049,uox/eci2/acbd5a/pex11g/acox3/pex14/crot/xdh/agxtb/mffa/nudt12/hao1,12,,,,,,,,,,,,,,,,,,,,,
CC,GO:0012507,ER to Golgi transport vesicle membrane,6/655,31/21740,0.193548387,6.424033489,5.326438642,0.00028285,0.033187691,0.031758556,sec24c/sec16b/sec23a/slc30a5/sec24a/srebf1,6,,,,,,,,,,,,,,,,,,,,,
CC,GO:0030135,coated vesicle,14/655,168/21740,0.083333333,2.765903308,4.049766502,0.000584892,0.039240859,0.037551061,sec24c/sec16b/synrg/cltcb/hip1/picalma/sec23a/clta/slc30a5/sec24a/dbnlb/gak/dennd1a/srebf1,14,,,,,,,,,,,,,,,,,,,,,
CC,GO:0030662,coated vesicle membrane,10/655,96/21740,0.104166667,3.457379135,4.252973228,0.000632343,0.039240859,0.037551061,sec24c/sec16b/synrg/cltcb/sec23a/clta/slc30a5/sec24a/dbnlb/srebf1,10,,,,,,,,,,,,,,,,,,,,,
CC,GO:0035770,ribonucleoprotein granule,13/655,151/21740,0.086092715,2.85748951,4.036939203,0.000668878,0.039240859,0.037551061,tdrkh/ddx3xb/larp1b/uhmk1/fastk/tnrc6c1/ddx6/ybx1/zfand1/tbrg4/cnot3a/atxn2/ddx19b,13,,,,,,,,,,,,,,,,,,,,,
CC,GO:0032806,carboxy-terminal domain protein kinase complex,4/655,16/21740,0.25,8.297709924,5.146717366,0.001112881,0.055962037,0.053552188,ccnk/ccnt2a/cdk12/gtf2h2,4,,,,,,,,,,,,,,,,,,,,,
CC,GO:0070971,endoplasmic reticulum exit site,4/655,21/21740,0.19047619,6.322064704,4.30054517,0.003247442,0.127011072,0.121541696,sec24c/sec16b/sec23a/sec24a,4,,,,,,,,,,,,,,,,,,,,,
CC,GO:0099738,cell cortex region,4/655,21/21740,0.19047619,6.322064704,4.30054517,0.003247442,0.127011072,0.121541696,rims1a/clta/clasp1a/phldb2b,4,,,,,,,,,,,,,,,,,,,,,
CC,GO:0030688,preribosome small subunit precursor,3/655,11/21740,0.272727273,9.052047189,4.70799955,0.003748597,0.131950601,0.126268518,riok1/nob1/rrp1,3,,,,,,,,,,,,,,,,,,,,,
CC,GO:0036464,cytoplasmic ribonucleoprotein granule,11/655,144/21740,0.076388889,2.535411366,3.258164191,0.004299198,0.137574321,0.131650068,tdrkh/ddx3xb/larp1b/uhmk1/tnrc6c1/ddx6/ybx1/zfand1/cnot3a/atxn2/ddx19b,11,,,,,,,,,,,,,,,,,,,,,
CC,GO:0032588,trans-Golgi network membrane,4/655,25/21740,0.16,5.310534351,3.800798329,0.006240991,0.183069055,0.175185698,rab11fip3/scamp3/arfip1/slc30a5,4,,,,,,,,,,,,,,,,,,,,,
CC,GO:0030134,COPII-coated ER to Golgi transport vesicle,6/655,57/21740,0.105263158,3.493772599,3.322677727,0.007207134,0.18791657,0.179824469,sec24c/sec16b/sec23a/slc30a5/sec24a/srebf1,6,,,,,,,,,,,,,,,,,,,,,
CC,GO:0030136,clathrin-coated vesicle,8/655,94/21740,0.085106383,2.824752314,3.124875014,0.007473954,0.18791657,0.179824469,synrg/cltcb/hip1/picalma/clta/dbnlb/gak/dennd1a,8,,,,,,,,,,,,,,,,,,,,,
CC,GO:0030127,COPII vesicle coat,3/655,18/21740,0.166666667,5.531806616,3.390090918,0.015852163,0.371997433,0.355978405,sec24c/sec23a/sec24a,3,,,,,,,,,,,,,,,,,,,,,
CC,GO:0030120,vesicle coat,6/655,70/21740,0.085714286,2.844929117,2.724914487,0.01880467,0.385500112,0.368899629,sec24c/synrg/cltcb/sec23a/clta/sec24a,6,,,,,,,,,,,,,,,,,,,,,
CC,GO:0010494,cytoplasmic stress granule,5/655,52/21740,0.096153846,3.191426894,2.788512112,0.019821669,0.385500112,0.368899629,larp1b/ddx6/zfand1/atxn2/ddx19b,5,,,,,,,,,,,,,,,,,,,,,
CC,GO:0098791,Golgi apparatus subcompartment,13/655,226/21740,0.057522124,1.909207593,2.421644118,0.019937403,0.385500112,0.368899629,rab11fip3/si:dkey-218f9.10/st3gal2/scamp3/vamp4/atp2c1/golga2/dennd5a/arfip1/slc30a5/csgalnact1a/arl5a/phaf1,13,,,,,,,,,,,,,,,,,,,,,
CC,GO:0005802,trans-Golgi network,9/655,135/21740,0.066666667,2.212722646,2.491178604,0.021187893,0.385500112,0.368899629,rab11fip3/si:dkey-218f9.10/scamp3/vamp4/dennd5a/arfip1/slc30a5/arl5a/phaf1,9,,,,,,,,,,,,,,,,,,,,,
CC,GO:0030658,transport vesicle membrane,10/655,159/21740,0.062893082,2.087474195,2.425690395,0.022478208,0.385500112,0.368899629,sec24c/sec16b/synrg/cltcb/sec23a/clta/slc30a5/sec24a/phaf1/srebf1,10,,,,,,,,,,,,,,,,,,,,,
CC,GO:0001726,ruffle,6/655,75/21740,0.08,2.655267176,2.530888524,0.025501217,0.385500112,0.368899629,si:zfos-588f8.1/tln2a/baiap2a/pacsin2/cobl/dbnlb,6,,,,,,,,,,,,,,,,,,,,,
CC,GO:0016605,PML body,4/655,38/21740,0.105263158,3.493772599,2.711767154,0.02681331,0.385500112,0.368899629,rnf111/hipk3b/n4bp1/rpa1,4,,,,,,,,,,,,,,,,,,,,,
CC,GO:0016604,nuclear body,10/655,164/21740,0.06097561,2.023831689,2.31962966,0.027118301,0.385500112,0.368899629,rnf111/hipk3b/srsf3b/rnf34b/cdk12/atoh8/n4bp1/srsf7a/rpa1/dkc1,10,,,,,,,,,,,,,,,,,,,,,
CC,GO:0012510,trans-Golgi network transport vesicle membrane,3/655,22/21740,0.136363636,4.526023595,2.916354197,0.027379269,0.385500112,0.368899629,synrg/cltcb/clta,3,,,,,,,,,,,,,,,,,,,,,
CC,GO:0030130,clathrin coat of trans-Golgi network vesicle,3/655,22/21740,0.136363636,4.526023595,2.916354197,0.027379269,0.385500112,0.368899629,synrg/cltcb/clta,3,,,,,,,,,,,,,,,,,,,,,
CC,GO:1902562,H4 histone acetyltransferase complex,4/655,42/21740,0.095238095,3.161032352,2.47075504,0.037039208,0.496723403,0.4753334,meaf6/kansl1l/kansl3/mrgbp,4,,,,,,,,,,,,,,,,,,,,,
CC,GO:0000159,protein phosphatase type 2A complex,3/655,25/21740,0.12,3.982900763,2.630162136,0.038276126,0.496723403,0.4753334,ppp2r5d/ppp2r2d/ptpa,3,,,,,,,,,,,,,,,,,,,,,
CC,GO:0045178,basal part of cell,9/655,151/21740,0.059602649,1.978261969,2.126086888,0.039512089,0.496723403,0.4753334,met/scrib/abcc1/palm1a/clasp1a/clcn2b/slc16a3a/slc39a14/phldb2b,9,,,,,,,,,,,,,,,,,,,,,
CC,GO:0000407,phagophore assembly site,3/655,26/21740,0.115384615,3.829712272,2.544559814,0.042329161,0.513788442,0.491663581,atg13/atg16l1/snx30,3,,,,,,,,,,,,,,,,,,,,,
CC,GO:0005884,actin filament,5/655,65/21740,0.076923077,2.553141515,2.210251949,0.046019048,0.532187629,0.509270459,pof1b/si:zfos-588f8.1/pdlim5b/diaph2/dbnlb,5,,,,,,,,,,,,,,,,,,,,,
CC,GO:0000123,histone acetyltransferase complex,6/655,87/21740,0.068965517,2.289023427,2.123317932,0.047540746,0.532187629,0.509270459,meaf6/jade2/kansl1l/kansl3/crebbpa/mrgbp,6,,,,,,,,,,,,,,,,,,,,,
CC,GO:0031010,ISWI-type complex,2/655,12/21740,0.166666667,5.531806616,2.767615438,0.048980732,0.532187629,0.509270459,baz1a/cecr2,2,,,,,,,,,,,,,,,,,,,,,
MF,GO:0005085,guanyl-nucleotide exchange factor activity,22/646,256/20660,0.0859375,2.748403638,5.05717504,1.96E-05,0.011682918,0.011140367,dennd11/ralgps2/rcc1l/dennd2b/dennd4a/dennd5a/dennd4c/arhgef12a/dennd5b/dock7/sbf1/rab3ip/plekhg2/rgl2/itsn1/mycbp2/farp2/dennd1a/lamtor3/rapgef1b/rapgef2b/sec61b,22,,,,,,,,,,,,,,,,,,,,,
MF,GO:0019783,ubiquitin-like protein peptidase activity,13/646,120/20660,0.108333333,3.464654283,4.864636251,9.88E-05,0.021249349,0.020262537,otub1a/senp2/usp24/usp38/usp10/senp7b/usp45/lmo7a/usp20/usp43b/usp25/otud5b/usp33,13,,,,,,,,,,,,,,,,,,,,,
MF,GO:0004683,calcium/calmodulin-dependent protein kinase activity,7/646,36/20660,0.194444444,6.218610251,5.630197408,0.00010714,0.021249349,0.020262537,camk2g1/eef2k/mknk2b/mapkapk2a/camk1b/camk2d1/camk2g2,7,,,,,,,,,,,,,,,,,,,,,
MF,GO:0004843,cysteine-type deubiquitinase activity,11/646,97/20660,0.113402062,3.62675944,4.658723014,0.000222971,0.033167003,0.03162674,otub1a/usp24/usp38/usp10/usp45/lmo7a/usp20/usp43b/usp25/otud5b/usp33,11,,,,,,,,,,,,,,,,,,,,,
MF,GO:0101005,deubiquitinase activity,11/646,103/20660,0.106796117,3.415491899,4.41517873,0.00037777,0.039282053,0.037457809,otub1a/usp24/usp38/usp10/usp45/lmo7a/usp20/usp43b/usp25/otud5b/usp33,11,,,,,,,,,,,,,,,,,,,,,
MF,GO:0071949,FAD binding,7/646,44/20660,0.159090909,5.087953842,4.87679026,0.000396122,0.039282053,0.037457809,aox6/ldhd/acox3/ero1a/coq6/xdh/kmo,7,,,,,,,,,,,,,,,,,,,,,
MF,GO:0030276,clathrin binding,6/646,38/20660,0.157894737,5.04969855,4.489035736,0.001073987,0.091288929,0.087049505,cltcb/hip1/picalma/clta/tom1/gak,6,,,,,,,,,,,,,,,,,,,,,
MF,GO:0052745,inositol phosphate phosphatase activity,5/646,30/20660,0.166666667,5.330237358,4.264093067,0.002192444,0.16306302,0.155490434,synj1/impa1/zfand1/inpp5l/ocrl,5,,,,,,,,,,,,,,,,,,,,,
MF,GO:0030374,nuclear receptor coactivator activity,4/646,19/20660,0.210526316,6.7329314,4.491507588,0.002523896,0.166857595,0.159108791,ppargc1b/carm1/ncoa6/zmiz2,4,,,,,,,,,,,,,,,,,,,,,
MF,GO:0050660,flavin adenine dinucleotide binding,9/646,98/20660,0.091836735,2.937069565,3.453262059,0.003588857,0.213536973,0.203620396,aox6/ldhd/zgc:85777/acox3/ero1a/coq6/xdh/mtrr/kmo,9,,,,,,,,,,,,,,,,,,,,,
MF,GO:0004169,dolichyl-phosphate-mannose-protein mannosyltransferase activity,3/646,11/20660,0.272727273,8.722206586,4.60248313,0.004161199,0.216702861,0.206639261,pomt2/tmtc4/pomt1,3,,,,,,,,,,,,,,,,,,,,,
MF,GO:0035091,phosphatidylinositol binding,14/646,201/20660,0.069651741,2.227561881,3.141978295,0.004441696,0.216702861,0.206639261,exoc7/snx11/snx17/rubcn/washc2c/hip1/picalma/pard3ab/tom1/snx30/si:rp71-46j2.7/nisch/ttpa/dennd1a,14,,,,,,,,,,,,,,,,,,,,,
MF,GO:0032182,ubiquitin-like protein binding,8/646,84/20660,0.095238095,3.045849919,3.37549056,0.004734684,0.216702861,0.206639261,otub1a/tab2/rnf111/uevld/tom1/n4bp1/dcun1d2a/cbx4,8,,,,,,,,,,,,,,,,,,,,,
MF,GO:0019842,vitamin binding,10/646,124/20660,0.080645161,2.579147109,3.168687885,0.005591101,0.234718572,0.223818329,tpk1/ogdhb/egln3/pdxdc1/plod2/pygmb/etnppl/ttpa/oat/tat,10,,,,,,,,,,,,,,,,,,,,,
MF,GO:0003712,transcription coregulator activity,20/646,343/20660,0.058309038,1.864806073,2.901616148,0.005917275,0.234718572,0.223818329,znf410/ncoa4/mybbp1a/gon4lb/taf15/mycbp/med15/crebbpa/med17/yaf2/hcfc1a/rereb/ppargc1b/fus/pbxip1a/carm1/ewsr1b/ncoa6/zmiz2/kmt2ca,20,,,,,,,,,,,,,,,,,,,,,
MF,GO:0016791,phosphatase activity,21/646,372/20660,0.056451613,1.805402976,2.816235969,0.006975508,0.254677899,0.242850752,ptpn21/ptprt/dusp8a/synj1/tns1b/impa1/ssh2a/ctdsp2/mtmr14/ptprb/dusp4/zfand1/cdc14b/nt5c2a/inpp5l/ocrl/dusp12/nt5c2b/ppp2cb/tns1a/LOC100333163,21,,,,,,,,,,,,,,,,,,,,,
MF,GO:0005337,nucleoside transmembrane transporter activity,3/646,14/20660,0.214285714,6.853162318,3.935868531,0.008560602,0.254677899,0.242850752,slc29a3/slc25a26/slc28a1,3,,,,,,,,,,,,,,,,,,,,,
MF,GO:0016671,oxidoreductase activity acting on a sulfur group of donors disulfide as acceptor,3/646,14/20660,0.214285714,6.853162318,3.935868531,0.008560602,0.254677899,0.242850752,msrb2/ero1a/dnajc10,3,,,,,,,,,,,,,,,,,,,,,
MF,GO:0019211,phosphatase activator activity,3/646,14/20660,0.214285714,6.853162318,3.935868531,0.008560602,0.254677899,0.242850752,ppp2r5d/tiprl/ptpa,3,,,,,,,,,,,,,,,,,,,,,
MF,GO:0072542,protein phosphatase activator activity,3/646,14/20660,0.214285714,6.853162318,3.935868531,0.008560602,0.254677899,0.242850752,ppp2r5d/tiprl/ptpa,3,,,,,,,,,,,,,,,,,,,,,
MF,GO:0008234,cysteine-type peptidase activity,14/646,221/20660,0.063348416,2.02597257,2.754901174,0.009963959,0.259205036,0.24716765,otub1a/senp2/usp24/usp38/usp10/ctsz/senp7b/usp45/lmo7a/usp20/usp43b/usp25/otud5b/usp33,14,,,,,,,,,,,,,,,,,,,,,
MF,GO:0000062,fatty-acyl-CoA binding,3/646,15/20660,0.2,6.39628483,3.756098821,0.010455329,0.259205036,0.24716765,eci2/acbd5a/acbd6,3,,,,,,,,,,,,,,,,,,,,,
MF,GO:0120227,acyl-CoA binding,3/646,15/20660,0.2,6.39628483,3.756098821,0.010455329,0.259205036,0.24716765,eci2/acbd5a/acbd6,3,,,,,,,,,,,,,,,,,,,,,
MF,GO:1901567,fatty acid derivative binding,3/646,15/20660,0.2,6.39628483,3.756098821,0.010455329,0.259205036,0.24716765,eci2/acbd5a/acbd6,3,,,,,,,,,,,,,,,,,,,,,
MF,GO:0004721,phosphoprotein phosphatase activity,14/646,226/20660,0.061946903,1.981150168,2.664507622,0.011957802,0.284595692,0.271379174,ptpn21/ptprt/dusp8a/tns1b/ssh2a/ctdsp2/mtmr14/ptprb/dusp4/cdc14b/dusp12/ppp2cb/tns1a/LOC100333163,14,,,,,,,,,,,,,,,,,,,,,
MF,GO:0016722,oxidoreductase activity acting on metal ions,3/646,16/20660,0.1875,5.996517028,3.591984029,0.012573462,0.287738843,0.274376358,mtrr/cp/steap4,3,,,,,,,,,,,,,,,,,,,,,
MF,GO:0005543,phospholipid binding,20/646,371/20660,0.053908356,1.724065992,2.528359021,0.01332186,0.293574317,0.279940835,exoc7/snx11/snx17/rubcn/c2cd5/cetp/washc2c/hip1/picalma/arfip1/havcr1/pacsin2/pard3ab/mtss1/tom1/snx30/si:rp71-46j2.7/nisch/ttpa/dennd1a,20,,,,,,,,,,,,,,,,,,,,,
MF,GO:0008483,transaminase activity,4/646,31/20660,0.129032258,4.126635374,3.129845899,0.015249171,0.32404489,0.308996366,agxtb/etnppl/oat/tat,4,,,,,,,,,,,,,,,,,,,,,
MF,GO:0019888,protein phosphatase regulator activity,7/646,84/20660,0.083333333,2.665118679,2.747314126,0.016086548,0.330051579,0.314724107,ppp6r3/ppp1r12a/ppp2r5d/ppp2r2d/tiprl/ptpa/LOC100333163,7,,,,,,,,,,,,,,,,,,,,,
MF,GO:0003779,actin binding,23/646,457/20660,0.050328228,1.609568393,2.36742684,0.017679124,0.336598396,0.320966891,vps16/pof1b/si:zfos-588f8.1/epb41l3a/msrb2/cnn3b/ssh2a/zgc:86896/pdlim5b/myo10l1/tln2a/hip1/daam2/lima1a/wasla/add3a/flna/cobl/mtss1/enah/diaph2/dbnlb/arpc2,23,,,,,,,,,,,,,,,,,,,,,
MF,GO:0051536,iron-sulfur cluster binding,7/646,86/20660,0.081395349,2.603139175,2.676486418,0.018102771,0.336598396,0.320966891,aox6/dph2/cdk5rap1/zgc:110319/xdh/fbxl5/slc25a39,7,,,,,,,,,,,,,,,,,,,,,
MF,GO:0051540,metal cluster binding,7/646,86/20660,0.081395349,2.603139175,2.676486418,0.018102771,0.336598396,0.320966891,aox6/dph2/cdk5rap1/zgc:110319/xdh/fbxl5/slc25a39,7,,,,,,,,,,,,,,,,,,,,,
MF,GO:0003777,microtubule motor activity,6/646,69/20660,0.086956522,2.780993404,2.662269987,0.020735499,0.358334759,0.341693826,cenpe/kif2c/kif13a/kifc3/kif2a/kif1b,6,,,,,,,,,,,,,,,,,,,,,
MF,GO:0016769,transferase activity transferring nitrogenous groups,4/646,34/20660,0.117647059,3.762520488,2.896285824,0.020889806,0.358334759,0.341693826,agxtb/etnppl/oat/tat,4,,,,,,,,,,,,,,,,,,,,,
MF,GO:1901981,phosphatidylinositol phosphate binding,8/646,109/20660,0.073394495,2.347260488,2.53368314,0.021078515,0.358334759,0.341693826,exoc7/snx11/rubcn/washc2c/hip1/picalma/ttpa/dennd1a,8,,,,,,,,,,,,,,,,,,,,,
MF,GO:0019208,phosphatase regulator activity,7/646,90/20660,0.077777778,2.4874441,2.540672703,0.022655504,0.367304001,0.35024654,ppp6r3/ppp1r12a/ppp2r5d/ppp2r2d/tiprl/ptpa/LOC100333163,7,,,,,,,,,,,,,,,,,,,,,
MF,GO:0140938,histone H3 methyltransferase activity,5/646,52/20660,0.096153846,3.075136937,2.691748433,0.022840753,0.367304001,0.35024654,ehmt1b/dot1l/ezh1/carm1/kmt2ca,5,,,,,,,,,,,,,,,,,,,,,
MF,GO:1901505,carbohydrate derivative transmembrane transporter activity,5/646,53/20660,0.094339623,3.017115486,2.641589149,0.024592889,0.385072862,0.367190221,slc35d2/slc29a3/slc25a26/slc28a1/slc37a4b,5,,,,,,,,,,,,,,,,,,,,,
MF,GO:0016758,hexosyltransferase activity,15/646,273/20660,0.054945055,1.757221107,2.262722692,0.025363132,0.38695035,0.368980519,galnt16/pomt2/large2/tmtc4/mfng/gbe1b/zgc:92907/pygmb/csgalnact1a/gys2/aars2/pomt1/colgalt1b/ext2/ugt1b7,15,,,,,,,,,,,,,,,,,,,,,
MF,GO:0030170,pyridoxal phosphate binding,5/646,55/20660,0.090909091,2.907402195,2.544727438,0.028350529,0.401402745,0.382761751,pdxdc1/pygmb/etnppl/oat/tat,5,,,,,,,,,,,,,,,,,,,,,
MF,GO:0070279,vitamin B6 binding,5/646,55/20660,0.090909091,2.907402195,2.544727438,0.028350529,0.401402745,0.382761751,pdxdc1/pygmb/etnppl/oat/tat,5,,,,,,,,,,,,,,,,,,,,,
MF,GO:0008276,protein methyltransferase activity,8/646,116/20660,0.068965517,2.205615459,2.339371843,0.029252407,0.401402745,0.382761751,setd6/pcmt/ehmt1b/dot1l/mettl22/ezh1/carm1/kmt2ca,8,,,,,,,,,,,,,,,,,,,,,
MF,GO:0042578,phosphoric ester hydrolase activity,23/646,482/20660,0.047717842,1.526084555,2.099635809,0.0303028,0.401402745,0.382761751,ptpn21/ptprt/dusp8a/synj1/gdpd4b/tns1b/impa1/ssh2a/ctdsp2/mtmr14/ptprb/dusp4/hddc3/zfand1/cdc14b/nt5c2a/inpp5l/ocrl/dusp12/nt5c2b/ppp2cb/tns1a/LOC100333163,23,,,,,,,,,,,,,,,,,,,,,
MF,GO:0015932,nucleobase-containing compound transmembrane transporter activity,5/646,56/20660,0.089285714,2.855484299,2.497925524,0.030358191,0.401402745,0.382761751,slc35d2/slc29a3/slc25a26/sidt2/slc28a1,5,,,,,,,,,,,,,,,,,,,,,
MF,GO:0019205,nucleobase-containing compound kinase activity,5/646,56/20660,0.089285714,2.855484299,2.497925524,0.030358191,0.401402745,0.382761751,rab11fip3/nt5c2a/tk2/dguok/nt5c2b,5,,,,,,,,,,,,,,,,,,,,,
MF,GO:0003713,transcription coactivator activity,9/646,140/20660,0.064285714,2.055948695,2.252278632,0.031965472,0.413466426,0.394265198,ncoa4/mycbp/crebbpa/hcfc1a/ppargc1b/carm1/ncoa6/zmiz2/kmt2ca,9,,,,,,,,,,,,,,,,,,,,,
MF,GO:0003729,mRNA binding,17/646,333/20660,0.051051051,1.632685317,2.091111488,0.033549972,0.424728367,0.405004139,ptbp1a/cpeb4b/msi2b/ddx3xb/hnrpkl/celf2/znf638/ddx6/exosc8/ilf3b/n4bp1/ythdf1/atxn2/rbpms2b/hnrnpc/srsf7a/ddx19b,17,,,,,,,,,,,,,,,,,,,,,
MF,GO:0005078,MAP-kinase scaffold activity,2/646,10/20660,0.2,6.39628483,3.066470534,0.037194454,0.433935302,0.413783508,spag9b/si:dkey-172h23.2,2,,,,,,,,,,,,,,,,,,,,,
MF,GO:0009931,calcium-dependent protein serine/threonine kinase activity,2/646,10/20660,0.2,6.39628483,3.066470534,0.037194454,0.433935302,0.413783508,mknk2b/mapkapk2a,2,,,,,,,,,,,,,,,,,,,,,
MF,GO:0019136,deoxynucleoside kinase activity,2/646,10/20660,0.2,6.39628483,3.066470534,0.037194454,0.433935302,0.413783508,tk2/dguok,2,,,,,,,,,,,,,,,,,,,,,
MF,GO:0032050,clathrin heavy chain binding,2/646,10/20660,0.2,6.39628483,3.066470534,0.037194454,0.433935302,0.413783508,picalma/clta,2,,,,,,,,,,,,,,,,,,,,,
MF,GO:0016706,2-oxoglutarate-dependent dioxygenase activity,6/646,82/20660,0.073170732,2.340104206,2.184479,0.043356895,0.496102934,0.473064098,egln3/kdm5bb/asph/plod2/phyh/riox2,6,,,,,,,,,,,,,,,,,,,,,
MF,GO:0016863,intramolecular oxidoreductase activity transposing C=C bonds,2/646,11/20660,0.181818182,5.814804391,2.869653348,0.044535178,0.499970393,0.476751954,eci2/ech1,2,,,,,,,,,,,,,,,,,,,,,
MF,GO:0000030,mannosyltransferase activity,3/646,26/20660,0.115384615,3.690164325,2.46591288,0.046409518,0.508980175,0.485343325,pomt2/tmtc4/pomt1,3,,,,,,,,,,,,,,,,,,,,,
MF,GO:0016853,isomerase activity,11/646,198/20660,0.055555556,1.776745786,1.973065123,0.047385904,0.508980175,0.485343325,pdia3/lss/eci2/fkbp5/ech1/katna1/ppib/galm/dkc1/ptpa/hyi,11,,,,,,,,,,,,,,,,,,,,,
MF,GO:0051213,dioxygenase activity,8/646,128/20660,0.0625,1.998839009,2.036520618,0.047904017,0.508980175,0.485343325,egln3/kdm5bb/asph/plod2/phyh/riox2/haao/cdo1,8,,,,,,,,,,,,,,,,,,,,,
